{
  "mean_accuracy": 0.9970833333333333,
  "max_accuracy": 1.0,
  "min_accuracy": 0.9875,
  "accuracy_range": 0.012499999999999956,
  "best_layer": 0,
  "worst_layer": 18,
  "early_layer_accuracy": 0.9974999999999999,
  "late_layer_accuracy": 0.9966666666666667,
  "predictability_increase": -0.0008333333333332416
}