{
  "mean_accuracy": 0.9970833333333333,
  "max_accuracy": 1.0,
  "min_accuracy": 0.9916666666666667,
  "accuracy_range": 0.008333333333333304,
  "best_layer": 6,
  "worst_layer": 18,
  "early_layer_accuracy": 0.9983333333333334,
  "late_layer_accuracy": 0.9958333333333333,
  "predictability_increase": -0.0025000000000000577
}