{
  "mean_accuracy": 0.93,
  "max_accuracy": 1.0,
  "min_accuracy": 0.8,
  "accuracy_range": 0.19999999999999996,
  "best_layer": 21,
  "worst_layer": 6,
  "early_layer_accuracy": 0.8733333333333333,
  "late_layer_accuracy": 0.9866666666666667,
  "predictability_increase": 0.1133333333333334
}