{
  "mean_accuracy": 0.9983333333333334,
  "max_accuracy": 1.0,
  "min_accuracy": 0.9958333333333333,
  "accuracy_range": 0.004166666666666652,
  "best_layer": 3,
  "worst_layer": 0,
  "early_layer_accuracy": 0.9974999999999999,
  "late_layer_accuracy": 0.9991666666666668,
  "predictability_increase": 0.0016666666666668162
}