{
  "mean_accuracy": 0.9994047619047619,
  "max_accuracy": 1.0,
  "min_accuracy": 0.9985119047619048,
  "accuracy_range": 0.0014880952380952328,
  "best_layer": 9,
  "worst_layer": 0,
  "early_layer_accuracy": 0.9991071428571429,
  "late_layer_accuracy": 0.9997023809523811,
  "predictability_increase": 0.0005952380952382041
}