{
  "mean_accuracy": 0.99,
  "max_accuracy": 1.0,
  "min_accuracy": 0.9333333333333333,
  "accuracy_range": 0.06666666666666665,
  "best_layer": 0,
  "worst_layer": 18,
  "early_layer_accuracy": 0.9933333333333334,
  "late_layer_accuracy": 0.9866666666666667,
  "predictability_increase": -0.00666666666666671
}