{
  "mean_accuracy": 0.9995833333333334,
  "max_accuracy": 1.0,
  "min_accuracy": 0.9958333333333333,
  "accuracy_range": 0.004166666666666652,
  "best_layer": 0,
  "worst_layer": 9,
  "early_layer_accuracy": 0.9991666666666668,
  "late_layer_accuracy": 1.0,
  "predictability_increase": 0.0008333333333332416
}