{
  "mean_accuracy": 0.9974999999999999,
  "max_accuracy": 1.0,
  "min_accuracy": 0.9916666666666667,
  "accuracy_range": 0.008333333333333304,
  "best_layer": 6,
  "worst_layer": 0,
  "early_layer_accuracy": 0.9958333333333332,
  "late_layer_accuracy": 0.9991666666666668,
  "predictability_increase": 0.0033333333333335213
}