{
  "mean_accuracy": 0.9800000000000001,
  "max_accuracy": 1.0,
  "min_accuracy": 0.9333333333333333,
  "accuracy_range": 0.06666666666666665,
  "best_layer": 3,
  "worst_layer": 0,
  "early_layer_accuracy": 0.9733333333333333,
  "late_layer_accuracy": 0.9866666666666667,
  "predictability_increase": 0.01333333333333342
}