{
  "mean_accuracy": 0.9979166666666668,
  "max_accuracy": 1.0,
  "min_accuracy": 0.9958333333333333,
  "accuracy_range": 0.004166666666666652,
  "best_layer": 15,
  "worst_layer": 0,
  "early_layer_accuracy": 0.9958333333333333,
  "late_layer_accuracy": 1.0,
  "predictability_increase": 0.004166666666666652
}